metric_id,file,metric,unit,baseline,optimized,reduction_factor,notes
M01,src/hooks/use-hand-tracking.ts,setState_calls_per_frame,count,3,0-3,n/a,"setLandmarks throttled to 20Hz heartbeat or hand-count flip; setHandedness on count flip; setDetectedFingers on integer flip"
M02,src/hooks/use-hand-tracking.ts,react_renders_per_sec_per_consumer,count,60,20_legacy_5_ref,3-12,"Legacy consumers see 20Hz updates; ref-based consumers see effectively 0"
M03,src/hooks/use-hand-tracking.ts,mediapipe_init_per_cold_mount,count,2,1,2.0,"Synchronous mobile detection eliminates double-init"
M04,src/hooks/use-hand-tracking.ts,frame_skip_strategy,enum,fixed_every_other_mobile,adaptive_0_to_3,n/a,"Skip count rises under inference budget overrun"
M05,src/hooks/use-hand-tracking.ts,landmarker_instance_reuse_across_routes,bool,false,true,n/a,"Module-cached HandLandmarker keyed by config hash"
M06,src/lib/finger-counting.ts,atan2_calls_per_frame_per_hand,count,10,0,inf,"Replaced angle-in-degrees test with cosine test via dot product"
M07,src/lib/finger-counting.ts,sqrt_calls_per_frame_per_hand,count,0,5,n/a,"One sqrt per joint (denominator of cos)"
M08,src/lib/finger-counting.ts,allocations_per_call,count,1,0,inf,"Joint-index array hoisted to module-level Int8Array"
M09,src/lib/finger-counting.ts,estimated_ns_per_call,ns,1200,35,34.0,"Static estimate using V8 atan2 microcosts"
M10,src/lib/video-utils.ts,dom_layout_reads_per_call,count,4,0,inf,"WeakMap cache invalidated only on size change"
M11,src/lib/video-utils.ts,dom_layout_reads_per_frame_worst_case,count,40,0,inf,"In drawFancy path; steady-state"
M12,src/lib/video-utils.ts,specialized_mirror_paths,count,1,2,n/a,"Mirror branch hoisted out of inner loop"
M13,three-hand-renderer.ts,triangles_on_screen_two_hands,count,19320,8064,2.4,"Desktop: 12x12 sphere + 8 radial cylinder"
M14,three-hand-renderer.ts,triangles_on_screen_mobile,count,19320,5712,3.4,"Mobile: 10x10 sphere + 6 radial cylinder"
M15,three-hand-renderer.ts,clearcoat_meshes_per_hand,count,21+21,5,8.4,"Joint+bone now use MeshStandardMaterial"
M16,three-hand-renderer.ts,pmrem_env_pass_on_mobile,bool,true,false,n/a,"Skipped on mobile; ~120ms init saved"
M17,three-hand-renderer.ts,msaa_enabled,bool,true,desktop_only,n/a,"Mobile gets no MSAA"
M18,three-hand-renderer.ts,device_pixel_ratio_cap,float,2.0,1.5_mobile,1.33,"Mobile cap reduced"
M19,three-hand-renderer.ts,frustum_culling_on_hands,bool,true,false,n/a,"Hands are always on-screen by construction"
M20,three-hand-renderer.ts,joint_radius_lookup_cost,enum,record_with_fallback,float32array_index,n/a,"O(1) typed array read"
M21,JustShowYourHandsClient.tsx,radial_gradient_creates_per_hand_per_frame,count,39,5,7.8,"Only fingertip orbs keep gradient; mesh+joints use flat HSL"
M22,JustShowYourHandsClient.tsx,linear_gradient_creates_per_hand_per_frame,count,21,0,inf,"Wireframe uses flat hsla string"
M23,JustShowYourHandsClient.tsx,hand_map_allocations_per_frame,count,N_hands,0,inf,"Reusable Float32Array buffers"
M24,JustShowYourHandsClient.tsx,particle_filter_allocations_per_frame,count,2,0,inf,"In-place compaction + splice cap"
M25,JustShowYourHandsClient.tsx,fingertip_membership_test_cost,enum,linear_includes,set_has,n/a,"O(n) -> O(1)"
M26,JustShowYourHandsClient.tsx,max_particles_mobile,count,600,200,3.0,"Visual budget tightened on mobile"
M27,PingPongClient.tsx,bg_gradient_creates_per_sec_steady_state,count,60,0,inf,"Built once on resize"
M28,PingPongClient.tsx,paddle_gradient_creates_per_sec_steady_state,count,60,0,inf,"Cached by (tier, xBucket)"
M29,PingPongClient.tsx,particles_filter_allocations_per_frame,count,1,0,inf,"In-place compaction"
M30,next.config.ts,per_icon_tree_shake_lucide,bool,false,true,n/a,"Via optimizePackageImports (Next 16 built-in)"
M31,next.config.ts,optimize_package_imports,enum,none,"three,mediapipe,lucide,recharts,date-fns",n/a,"Tree-shake-aware imports"
M32,next.config.ts,production_browser_source_maps,bool,default_on,false,n/a,"Smaller production bundles"
M33,next.config.ts,compress_explicit,bool,default,true,n/a,"Brotli/gzip explicit for next start"
M34,next.config.ts,immutable_cache_headers,bool,false,true,n/a,"WASM/task/svg/jpg/png/woff2 cached forever"
M35,layout.tsx,preconnect_origins_added,count,2,4,2.0,"Added cdn.jsdelivr.net and storage.googleapis.com"
M36,layout.tsx,dns_prefetch_added,count,0,2,n/a,"Fallback for older browsers"
M37,perf-monitor.ts,production_overhead_per_call_ns,ns,n/a,~0,n/a,"Methods reassigned to no-op when MA_PERF unset"
M38,perf-monitor.ts,dev_overhead_per_mark_measure_ns,ns,n/a,~5,n/a,"One Map.get + one performance.now"
M39,perf-monitor.ts,stages_instrumented,count,0,8,n/a,"inference/three.update/three.render/draw.classic/draw.fancy/pong.update/pong.draw/particles"
